﻿<?xml version="1.0" encoding="UTF-8"?>
<addon id="skin.kushty" version="1.0.0" name="Kushty Skin" provider-name="MDMAinsley">
  <requires>
    <import addon="xbmc.gui" version="5.16.0" />
  </requires>
  <extension point="xbmc.gui.skin" debugging="false">
    <res width="1920" height="1440" aspect="4:3" default="false" folder="xml" />
    <res width="1920" height="1280" aspect="3:2" default="false" folder="xml" />
    <res width="1920" height="1200" aspect="16:10" default="false" folder="xml" />
    <res width="2040" height="1080" aspect="17:9" default="false" folder="xml" />
    <res width="1920" height="1080" aspect="16:9" default="true" folder="xml" />
    <res width="2560" height="1080" aspect="21:9" default="false" folder="xml" />
    <res width="2338" height="1080" aspect="19.5:9" default="false" folder="xml" />
    <res width="2160" height="1080" aspect="18:9" default="false" folder="xml" />
  </extension>
  <extension point="xbmc.addon.metadata">
    <platform>all</platform>
    <license>CC BY-SA 4.0, GNU GENERAL PUBLIC LICENSE Version 2.0</license>
    <forum>https://github.com/MDMAinsley/skin.kushty/issues</forum>
    <source>https://github.com/MDMAinsley/skin.kushty</source>
    <assets>
      <icon>resources/icon.png</icon>
      <fanart>resources/fanart.jpg</fanart>
      <screenshot>resources/screenshot-01.jpg</screenshot>
      <screenshot>resources/screenshot-02.jpg</screenshot>
      <screenshot>resources/screenshot-03.jpg</screenshot>
      <screenshot>resources/screenshot-04.jpg</screenshot>
      <screenshot>resources/screenshot-05.jpg</screenshot>
      <screenshot>resources/screenshot-06.jpg</screenshot>
      <screenshot>resources/screenshot-07.jpg</screenshot>
      <screenshot>resources/screenshot-08.jpg</screenshot>
    </assets>
    <summary lang="en_GB">Kushty Skin by MDMAinsley</summary>
    <description lang="en_GB">Simple, resource friendly skin. Goes hand in hand with Kushty Add-on!</description>
  </extension>
</addon>