<?xml version="1.0" encoding="UTF-8" standalone="yes"?>
<addon id="plugin.video.kushty" name="Kushty" version="1.0.4" provider-name="MDMAinsley">
	<requires>
		<import addon="xbmc.python" version="3.0.1"/>
	</requires>
	<extension point="xbmc.python.pluginsource" library="kushty.py">
		<provides>video</provides>
	</extension>
	<extension point="xbmc.addon.metadata">
		<platform>all</platform>
		<summary lang="en">Kushty Add-on</summary>
		<description lang="en">The Kushtiest add-on Kodi has seen..</description>
		<license>GNU General Public License, v2</license>
		<language></language>
		<forum>https://github.com/MDMAinsley/plugin.video.kushty/issues</forum>
		<source>https://github.com/MDMAinsley/plugin.video.kushty</source>
		<website>Kodi.tv</website>
		<email>mdmainsley@gmail.com</email>
		<assets>
			<icon>icon.png</icon>
			<fanart>fanart.jpg</fanart>
		</assets>
		<news>See the GitHub source for latest Changelog!</news>
	</extension>
</addon>
