<?xml version="1.0" encoding="UTF-8" standalone="yes"?>
<addon id="plugin.video.kushty" name="Kushty" version="1.0.0" provider-name="mdmainsley">
	<requires>
		<import addon="xbmc.python" version="3.0.0"/>
	</requires>
	<extension point="xbmc.python.pluginsource" library="addon.py">
		<provides>video</provides>
	</extension>
	<extension point="xbmc.addon.metadata">
		<platform>all</platform>
		<summary lang="en">Kushty Add-on</summary>
		<description lang="en">The Kushtiest add-on Kodi has seen..</description>
		<license>GNU General Public License, v2</license>
		<language></language>
		<forum>http://forum.kodi.tv/showthread.php?tid=209948</forum>
		<source>https://github.com/zag2me/script.hello.world</source>
		<website>Kodi.tv</website>
		<email>mdmainsley@gmail.com</email>
		<assets>
			<icon>icon.png</icon>
			<fanart>fanart.jpg</fanart>
		</assets>
		<news>See the GitHub source for latest Changelog!</news>
	</extension>
</addon>
